{
  "train_seconds": 599.8293480873108,
  "best_val_avg_MAE": 7263.596987858158
}