{
  "train_seconds": 5528.7552535533905,
  "best_val_avg_MAE": 137.19740541731036
}