{
  "best_val_avg_MAE": 116.1346696773608,
  "best_epoch": 36,
  "test_metrics": {
    "1": {
      "MAE": 98.72863169165636,
      "RMSE": 191.9924958032839
    },
    "6": {
      "MAE": 110.62583513606096,
      "RMSE": 221.67887940329936
    },
    "12": {
      "MAE": 114.30181599458773,
      "RMSE": 231.4725680022881
    },
    "24": {
      "MAE": 121.69100609576135,
      "RMSE": 245.5394418882597
    }
  }
}