{
  "best_val_avg_MAE": 117.80719772706544,
  "best_epoch": 40,
  "test_metrics": {
    "1": {
      "MAE": 108.77886519579644,
      "RMSE": 216.16742382287921
    },
    "6": {
      "MAE": 122.03738018988473,
      "RMSE": 242.18973860795705
    },
    "12": {
      "MAE": 121.37101224528429,
      "RMSE": 244.13976160043302
    },
    "24": {
      "MAE": 126.37489296748844,
      "RMSE": 254.41054500247222
    }
  }
}