{
  "train_seconds": 6117.094469070435,
  "best_val_avg_MAE": 136.7497489179132
}