epoch,train_loss,val_avg_MAE,val_MAE_1h,val_RMSE_1h,val_MAE_6h,val_RMSE_6h,val_MAE_12h,val_RMSE_12h,val_MAE_24h,val_RMSE_24h
1,0.4028068466449347,,,,,,,,,
2,0.332587628852664,390.70379492830665,388.4916174047873,637.8024080827503,391.694261394838,643.8399486635534,393.9347673195647,644.7437745828565,388.6945335940365,641.5384510255253
3,0.28347126940103967,,,,,,,,,
4,0.24654396676172421,321.42206602635724,316.88715122399384,536.0009727721639,321.9846157573408,546.2345549358834,325.4380601935512,548.1305455012863,321.3784369305431,544.1571299956576
5,0.21836498637837687,,,,,,,,,
6,0.19851922108901768,272.4452004939489,265.1558372476813,464.88141336319615,274.5319711734873,480.3404990773319,277.9960361288619,482.99522101413714,272.09695742576514,475.8892859973354
7,0.18333759434579863,,,,,,,,,
