{
  "best_val_avg_MAE": 207.6401827802179,
  "best_epoch": 20,
  "test_metrics": {
    "1": {
      "MAE": 213.03682136415338,
      "RMSE": 396.58371204991124
    },
    "6": {
      "MAE": 215.99200664119203,
      "RMSE": 401.2942160249932
    },
    "12": {
      "MAE": 216.04799712655637,
      "RMSE": 401.25907553471416
    },
    "24": {
      "MAE": 215.6508058891519,
      "RMSE": 401.11120523879964
    }
  }
}