{
  "0.1": {
    "overall": {
      "12": {
        "MAE_mean": 157.31658473292845,
        "MAE_std": 0.05572172074446282,
        "RMSE_mean": 339.3936990996692,
        "RMSE_std": 0.4768604664412718
      },
      "24": {
        "MAE_mean": 161.5926416863112,
        "MAE_std": 0.1896718071038143,
        "RMSE_mean": 346.5362039299712,
        "RMSE_std": 0.7923754546468175
      },
      "48": {
        "MAE_mean": 171.8342737685358,
        "MAE_std": 0.13507087251828448,
        "RMSE_mean": 365.80716104900705,
        "RMSE_std": 0.7478308348756221
      },
      "72": {
        "MAE_mean": 176.7144556541929,
        "MAE_std": 0.176863818736611,
        "RMSE_mean": 372.93220577683314,
        "RMSE_std": 0.7535175709705306
      }
    },
    "masked": {
      "12": {
        "MAE_mean": 470.0090297373272,
        "MAE_std": 1.2664413648203976,
        "RMSE_mean": 780.6089516858119,
        "RMSE_std": 2.6120539156912743
      },
      "24": {
        "MAE_mean": 468.5781167337492,
        "MAE_std": 2.119576537075647,
        "RMSE_mean": 779.9080709239678,
        "RMSE_std": 3.8341245252577694
      },
      "48": {
        "MAE_mean": 471.3324410672444,
        "MAE_std": 1.810459296642788,
        "RMSE_mean": 784.2599820026282,
        "RMSE_std": 3.7166007471735334
      },
      "72": {
        "MAE_mean": 473.41084208093173,
        "MAE_std": 1.8197628563076433,
        "RMSE_mean": 786.4474670164439,
        "RMSE_std": 3.8027070640112086
      }
    }
  },
  "0.2": {
    "overall": {
      "12": {
        "MAE_mean": 191.99229869779109,
        "MAE_std": 0.21269985222156162,
        "RMSE_mean": 412.2993794167698,
        "RMSE_std": 0.8990862931271737
      },
      "24": {
        "MAE_mean": 195.6733210468425,
        "MAE_std": 0.15960738710729616,
        "RMSE_mean": 417.4861239962946,
        "RMSE_std": 0.6924757542050417
      },
      "48": {
        "MAE_mean": 205.04431923191788,
        "MAE_std": 0.19876688620469718,
        "RMSE_mean": 432.57465753134346,
        "RMSE_std": 0.793305959211495
      },
      "72": {
        "MAE_mean": 209.71905742236237,
        "MAE_std": 0.1477335354017393,
        "RMSE_mean": 438.70295025761243,
        "RMSE_std": 0.5190985144693995
      }
    },
    "masked": {
      "12": {
        "MAE_mean": 469.6769734079303,
        "MAE_std": 1.4967584304694233,
        "RMSE_mean": 780.6989475444504,
        "RMSE_std": 2.7989309124149657
      },
      "24": {
        "MAE_mean": 468.56010796642056,
        "MAE_std": 1.0495402979198152,
        "RMSE_mean": 779.7609047806882,
        "RMSE_std": 1.9081681514150954
      },
      "48": {
        "MAE_mean": 470.96636317109716,
        "MAE_std": 1.2008821798503866,
        "RMSE_mean": 783.5096732846962,
        "RMSE_std": 2.428700306357553
      },
      "72": {
        "MAE_mean": 473.58860513905677,
        "MAE_std": 1.1113934080370422,
        "RMSE_mean": 786.8603396896871,
        "RMSE_std": 2.03101631151878
      }
    }
  },
  "0.3": {
    "overall": {
      "12": {
        "MAE_mean": 227.08469616893223,
        "MAE_std": 0.16793415177511348,
        "RMSE_mean": 475.48701767880254,
        "RMSE_std": 0.6309180793883923
      },
      "24": {
        "MAE_mean": 230.27307301700566,
        "MAE_std": 0.09714096883106992,
        "RMSE_mean": 479.264151090263,
        "RMSE_std": 0.5580412184735394
      },
      "48": {
        "MAE_mean": 238.77358476373138,
        "MAE_std": 0.09253477586387131,
        "RMSE_mean": 491.5083067240882,
        "RMSE_std": 0.41790517914810077
      },
      "72": {
        "MAE_mean": 243.08586366605385,
        "MAE_std": 0.1456611278697961,
        "RMSE_mean": 496.88569238789694,
        "RMSE_std": 0.6122984171730866
      }
    },
    "masked": {
      "12": {
        "MAE_mean": 471.194014069295,
        "MAE_std": 0.5928358351458142,
        "RMSE_mean": 783.08853358654,
        "RMSE_std": 1.4817067843533067
      },
      "24": {
        "MAE_mean": 470.16011760187564,
        "MAE_std": 0.33903746423558556,
        "RMSE_mean": 782.2638379598958,
        "RMSE_std": 1.3879018161143475
      },
      "48": {
        "MAE_mean": 472.5586307312673,
        "MAE_std": 0.3490588845207678,
        "RMSE_mean": 785.8987217368474,
        "RMSE_std": 1.0029362807383093
      },
      "72": {
        "MAE_mean": 475.1323585450582,
        "MAE_std": 0.2925983111084192,
        "RMSE_mean": 789.3573053947799,
        "RMSE_std": 1.103326291198841
      }
    }
  }
}