{
  "0.1": {
    "overall": {
      "12": {
        "MAE_mean": 137.06295148723046,
        "MAE_std": 0.0612326583959176,
        "RMSE_mean": 274.7181027004597,
        "RMSE_std": 0.12496308953142118
      },
      "24": {
        "MAE_mean": 139.34456392392127,
        "MAE_std": 0.08767229211888229,
        "RMSE_mean": 279.87425772136163,
        "RMSE_std": 0.2515569840914659
      },
      "48": {
        "MAE_mean": 148.14318825717055,
        "MAE_std": 0.060742862024349545,
        "RMSE_mean": 299.61029966828136,
        "RMSE_std": 0.23941255803033387
      },
      "72": {
        "MAE_mean": 154.06637439077528,
        "MAE_std": 0.09140877506553144,
        "RMSE_mean": 309.648914987785,
        "RMSE_std": 0.21242207068069247
      }
    },
    "masked": {
      "12": {
        "MAE_mean": 259.63449912451733,
        "MAE_std": 1.2277828510166515,
        "RMSE_mean": 453.7129782033462,
        "RMSE_std": 1.9478309349372451
      },
      "24": {
        "MAE_mean": 259.6860991128578,
        "MAE_std": 1.3994774338221376,
        "RMSE_mean": 455.28228176860887,
        "RMSE_std": 2.367866787496715
      },
      "48": {
        "MAE_mean": 258.43063402399054,
        "MAE_std": 1.2300581945778957,
        "RMSE_mean": 450.7678605463496,
        "RMSE_std": 2.2689178062916744
      },
      "72": {
        "MAE_mean": 259.5611905646359,
        "MAE_std": 1.1283262107260195,
        "RMSE_mean": 451.3576618726893,
        "RMSE_std": 1.9917847934418789
      }
    }
  },
  "0.2": {
    "overall": {
      "12": {
        "MAE_mean": 150.80769890529263,
        "MAE_std": 0.07900997513381372,
        "RMSE_mean": 300.4430315442322,
        "RMSE_std": 0.36426733728453564
      },
      "24": {
        "MAE_mean": 152.71819880615212,
        "MAE_std": 0.07777232849713656,
        "RMSE_mean": 304.60809577514095,
        "RMSE_std": 0.3846190876693271
      },
      "48": {
        "MAE_mean": 160.43645330490898,
        "MAE_std": 0.06472579757151169,
        "RMSE_mean": 320.4215423925117,
        "RMSE_std": 0.17389854514528819
      },
      "72": {
        "MAE_mean": 165.85073068207873,
        "MAE_std": 0.06956000568180756,
        "RMSE_mean": 328.93130432655727,
        "RMSE_std": 0.1298021268181819
      }
    },
    "masked": {
      "12": {
        "MAE_mean": 259.2609337846519,
        "MAE_std": 0.8185413641369398,
        "RMSE_mean": 454.9685600498042,
        "RMSE_std": 2.0233093567414047
      },
      "24": {
        "MAE_mean": 259.28511134053076,
        "MAE_std": 0.6198888914914177,
        "RMSE_mean": 455.0921957553149,
        "RMSE_std": 1.4089156426105953
      },
      "48": {
        "MAE_mean": 258.1409213859135,
        "MAE_std": 0.5197875487228633,
        "RMSE_mean": 451.4770025547925,
        "RMSE_std": 1.6244876775458417
      },
      "72": {
        "MAE_mean": 259.523960011884,
        "MAE_std": 0.7188189240057445,
        "RMSE_mean": 453.0211945425418,
        "RMSE_std": 1.5700269478816653
      }
    }
  },
  "0.3": {
    "overall": {
      "12": {
        "MAE_mean": 164.74892133667555,
        "MAE_std": 0.051293857537716835,
        "RMSE_mean": 324.73844228027764,
        "RMSE_std": 0.4365948940458881
      },
      "24": {
        "MAE_mean": 166.36437873867942,
        "MAE_std": 0.026704084144065967,
        "RMSE_mean": 327.7128596421191,
        "RMSE_std": 0.21283703223627842
      },
      "48": {
        "MAE_mean": 173.08769501973833,
        "MAE_std": 0.04777817671478478,
        "RMSE_mean": 340.5731715596549,
        "RMSE_std": 0.18184782284098314
      },
      "72": {
        "MAE_mean": 177.95343646652108,
        "MAE_std": 0.03320411062342068,
        "RMSE_mean": 347.9765469023055,
        "RMSE_std": 0.1738261774938711
      }
    },
    "masked": {
      "12": {
        "MAE_mean": 260.0484350805058,
        "MAE_std": 0.35704770606517944,
        "RMSE_mean": 456.3127215090714,
        "RMSE_std": 1.6535640200726902
      },
      "24": {
        "MAE_mean": 259.93493794698986,
        "MAE_std": 0.23610473164077161,
        "RMSE_mean": 455.78696323473577,
        "RMSE_std": 0.964191775374841
      },
      "48": {
        "MAE_mean": 259.2576892801354,
        "MAE_std": 0.28963731826433914,
        "RMSE_mean": 453.67685303881973,
        "RMSE_std": 0.6971782567314645
      },
      "72": {
        "MAE_mean": 260.8542781164786,
        "MAE_std": 0.22998112917175373,
        "RMSE_mean": 455.8931243297673,
        "RMSE_std": 0.6319101482158738
      }
    }
  }
}