{
  "0.1": {
    "0": {
      "overall": {
        "12": {
          "MAE": 134.9057665878846,
          "RMSE": 273.1647018660695
        },
        "24": {
          "MAE": 140.38909189154842,
          "RMSE": 283.0038320688721
        },
        "48": {
          "MAE": 149.49186354019028,
          "RMSE": 303.3987115241009
        },
        "72": {
          "MAE": 155.474426305738,
          "RMSE": 314.05223696207327
        }
      },
      "masked": {
        "12": {
          "MAE": 278.1712197911904,
          "RMSE": 470.26274080873435
        },
        "24": {
          "MAE": 279.4595542424236,
          "RMSE": 472.821152724398
        },
        "48": {
          "MAE": 278.23813403929836,
          "RMSE": 470.68456281972504
        },
        "72": {
          "MAE": 277.9852357488815,
          "RMSE": 471.2184899192114
        }
      }
    },
    "1": {
      "overall": {
        "12": {
          "MAE": 134.90567190969153,
          "RMSE": 273.04481892519055
        },
        "24": {
          "MAE": 140.16564680428843,
          "RMSE": 282.34999067998916
        },
        "48": {
          "MAE": 149.22285362266868,
          "RMSE": 302.6725112523325
        },
        "72": {
          "MAE": 155.25213649387655,
          "RMSE": 313.44996553690686
        }
      },
      "masked": {
        "12": {
          "MAE": 276.04051878888197,
          "RMSE": 466.0149230571841
        },
        "24": {
          "MAE": 275.4469725749269,
          "RMSE": 466.8092387393046
        },
        "48": {
          "MAE": 273.5809967567722,
          "RMSE": 463.06367046215433
        },
        "72": {
          "MAE": 274.3492861556627,
          "RMSE": 465.5602265828449
        }
      }
    },
    "2": {
      "overall": {
        "12": {
          "MAE": 134.95082471259443,
          "RMSE": 273.136975158967
        },
        "24": {
          "MAE": 140.1897717539022,
          "RMSE": 282.69713199201163
        },
        "48": {
          "MAE": 149.2327785645103,
          "RMSE": 302.7116125214007
        },
        "72": {
          "MAE": 155.2205114402264,
          "RMSE": 313.4870374231711
        }
      },
      "masked": {
        "12": {
          "MAE": 278.56519916051633,
          "RMSE": 468.8285997021015
        },
        "24": {
          "MAE": 276.89229802283523,
          "RMSE": 470.16271369868724
        },
        "48": {
          "MAE": 275.0894413762083,
          "RMSE": 466.51067951113157
        },
        "72": {
          "MAE": 275.931948664031,
          "RMSE": 468.0985046424474
        }
      }
    },
    "3": {
      "overall": {
        "12": {
          "MAE": 134.96639457077043,
          "RMSE": 273.0946100739159
        },
        "24": {
          "MAE": 140.1845233104698,
          "RMSE": 282.417935041585
        },
        "48": {
          "MAE": 149.28941481481934,
          "RMSE": 302.7032220168587
        },
        "72": {
          "MAE": 155.2380211431475,
          "RMSE": 313.4945824890339
        }
      },
      "masked": {
        "12": {
          "MAE": 278.7439453539588,
          "RMSE": 469.7955994500611
        },
        "24": {
          "MAE": 276.2032376404242,
          "RMSE": 467.3345269158688
        },
        "48": {
          "MAE": 275.83292612267934,
          "RMSE": 466.5398386462164
        },
        "72": {
          "MAE": 275.8715043836643,
          "RMSE": 465.9570147044418
        }
      }
    },
    "4": {
      "overall": {
        "12": {
          "MAE": 134.82506494113173,
          "RMSE": 272.98786678263866
        },
        "24": {
          "MAE": 140.25394973554364,
          "RMSE": 282.5695628158491
        },
        "48": {
          "MAE": 149.3524052391898,
          "RMSE": 303.01147341790346
        },
        "72": {
          "MAE": 155.4057157809092,
          "RMSE": 313.69498290205826
        }
      },
      "masked": {
        "12": {
          "MAE": 277.385954950974,
          "RMSE": 469.0028510373283
        },
        "24": {
          "MAE": 277.0845563791474,
          "RMSE": 469.52650417405385
        },
        "48": {
          "MAE": 275.37780398754757,
          "RMSE": 466.9121974707403
        },
        "72": {
          "MAE": 276.9062910123402,
          "RMSE": 467.1437345361968
        }
      }
    }
  },
  "0.2": {
    "0": {
      "overall": {
        "12": {
          "MAE": 150.53417683877137,
          "RMSE": 300.46307394387435
        },
        "24": {
          "MAE": 155.13679978935696,
          "RMSE": 308.0484367633274
        },
        "48": {
          "MAE": 163.05624009614593,
          "RMSE": 324.52121276114394
        },
        "72": {
          "MAE": 168.4550992557932,
          "RMSE": 333.6603089119854
        }
      },
      "masked": {
        "12": {
          "MAE": 275.9338416737423,
          "RMSE": 466.36459993741386
        },
        "24": {
          "MAE": 275.8314179783812,
          "RMSE": 465.9866471046001
        },
        "48": {
          "MAE": 274.3409188409798,
          "RMSE": 464.1672856233975
        },
        "72": {
          "MAE": 274.664594831246,
          "RMSE": 464.2190269669289
        }
      }
    },
    "1": {
      "overall": {
        "12": {
          "MAE": 150.7343372995668,
          "RMSE": 301.13391529226135
        },
        "24": {
          "MAE": 155.2641014919631,
          "RMSE": 308.5295197921344
        },
        "48": {
          "MAE": 163.2507752749212,
          "RMSE": 325.12830143692486
        },
        "72": {
          "MAE": 168.60078025744716,
          "RMSE": 333.92710714084836
        }
      },
      "masked": {
        "12": {
          "MAE": 277.3485523345525,
          "RMSE": 468.85395145069555
        },
        "24": {
          "MAE": 275.9007565788131,
          "RMSE": 466.3779037094971
        },
        "48": {
          "MAE": 274.0359669293838,
          "RMSE": 463.425658849205
        },
        "72": {
          "MAE": 274.54838199620775,
          "RMSE": 464.89754127851825
        }
      }
    },
    "2": {
      "overall": {
        "12": {
          "MAE": 150.6596783297553,
          "RMSE": 301.0497383955307
        },
        "24": {
          "MAE": 155.32145883158594,
          "RMSE": 308.8648839464507
        },
        "48": {
          "MAE": 163.2169237537871,
          "RMSE": 325.19879395033564
        },
        "72": {
          "MAE": 168.6175414595119,
          "RMSE": 333.89363955652186
        }
      },
      "masked": {
        "12": {
          "MAE": 277.6384580431641,
          "RMSE": 470.2732088380142
        },
        "24": {
          "MAE": 277.43858312761256,
          "RMSE": 470.032563496776
        },
        "48": {
          "MAE": 275.910963038633,
          "RMSE": 468.5834307351522
        },
        "72": {
          "MAE": 276.5172763366834,
          "RMSE": 468.7800855869914
        }
      }
    },
    "3": {
      "overall": {
        "12": {
          "MAE": 150.51197448375524,
          "RMSE": 300.56681178739814
        },
        "24": {
          "MAE": 155.21780128013688,
          "RMSE": 308.60761155496556
        },
        "48": {
          "MAE": 163.20687718119382,
          "RMSE": 324.8781031688057
        },
        "72": {
          "MAE": 168.65937051725658,
          "RMSE": 334.02173950456495
        }
      },
      "masked": {
        "12": {
          "MAE": 275.48425601318723,
          "RMSE": 466.1038120567142
        },
        "24": {
          "MAE": 275.2142281184176,
          "RMSE": 467.47636428839564
        },
        "48": {
          "MAE": 274.19677398718017,
          "RMSE": 464.6577129595064
        },
        "72": {
          "MAE": 274.98622916598634,
          "RMSE": 466.72856052059154
        }
      }
    },
    "4": {
      "overall": {
        "12": {
          "MAE": 150.54350357150724,
          "RMSE": 300.40948960234846
        },