{
  "0.1": {
    "overall": {
      "12": {
        "MAE_mean": 134.9107445444145,
        "MAE_std": 0.04918302838924484,
        "RMSE_mean": 273.0857945613563,
        "RMSE_std": 0.06354900813440872
      },
      "24": {
        "MAE_mean": 140.23659669915048,
        "MAE_std": 0.08184621245198279,
        "RMSE_mean": 282.6076905196614,
        "RMSE_std": 0.2318611544059636
      },
      "48": {
        "MAE_mean": 149.31786315627568,
        "MAE_std": 0.09853405143217281,
        "RMSE_mean": 302.89950614651923,
        "RMSE_std": 0.27824479681435454
      },
      "72": {
        "MAE_mean": 155.31816223277954,
        "MAE_std": 0.10237358450206918,
        "RMSE_mean": 313.63576106264867,
        "RMSE_std": 0.225179701144489
      }
    },
    "masked": {
      "12": {
        "MAE_mean": 277.7813676091043,
        "MAE_std": 0.9879107575924678,
        "RMSE_mean": 468.7809428110818,
        "RMSE_std": 1.4783526724000433
      },
      "24": {
        "MAE_mean": 277.0173237719515,
        "MAE_std": 1.3500652164881894,
        "RMSE_mean": 469.3308272504625,
        "RMSE_std": 2.1566789320931274
      },
      "48": {
        "MAE_mean": 275.6238604565011,
        "MAE_std": 1.5098062427643533,
        "RMSE_mean": 466.7421897819935,
        "RMSE_std": 2.416495609636422
      },
      "72": {
        "MAE_mean": 276.2088531929159,
        "MAE_std": 1.2075118550441946,
        "RMSE_mean": 467.59559407702847,
        "RMSE_std": 2.02040261143181
      }
    }
  },
  "0.2": {
    "overall": {
      "12": {
        "MAE_mean": 150.59673410467119,
        "MAE_std": 0.08582273502110094,
        "RMSE_mean": 300.7246058042826,
        "RMSE_std": 0.3052348424854773
      },
      "24": {
        "MAE_mean": 155.24830771845802,
        "MAE_std": 0.06600236276992556,
        "RMSE_mean": 308.5694578305855,
        "RMSE_std": 0.2875731650986276
      },
      "48": {
        "MAE_mean": 163.18418771669144,
        "MAE_std": 0.06697189776213172,
        "RMSE_mean": 324.95430257129885,
        "RMSE_std": 0.2415240049560336
      },
      "72": {
        "MAE_mean": 168.5744659033049,
        "MAE_std": 0.07102829768751287,
        "RMSE_mean": 333.88060776333435,
        "RMSE_std": 0.11930410064043113
      }
    },
    "masked": {
      "12": {
        "MAE_mean": 276.47476217307485,
        "MAE_std": 0.8541066504917647,
        "RMSE_mean": 467.5595687052934,
        "RMSE_std": 1.6987468108602113
      },
      "24": {
        "MAE_mean": 276.02824602786234,
        "MAE_std": 0.7457420000024785,
        "RMSE_mean": 467.4164813516524,
        "RMSE_std": 1.415176284196354
      },
      "48": {
        "MAE_mean": 274.6356600384432,
        "MAE_std": 0.6736303022584801,
        "RMSE_mean": 465.2000914291574,
        "RMSE_std": 1.7864823134145449
      },
      "72": {
        "MAE_mean": 275.1113687163737,
        "MAE_std": 0.7186434639396241,
        "RMSE_mean": 466.16989620463784,
        "RMSE_std": 1.5844827810899162
      }
    }
  },
  "0.3": {
    "overall": {
      "12": {
        "MAE_mean": 166.30063422914765,
        "MAE_std": 0.08898487114716323,
        "RMSE_mean": 326.1628687966428,
        "RMSE_std": 0.38706173929736737
      },
      "24": {
        "MAE_mean": 170.33541370877,
        "MAE_std": 0.047738553109414016,
        "RMSE_mean": 332.4252258842442,
        "RMSE_std": 0.1976909918853611
      },
      "48": {
        "MAE_mean": 177.1769004613707,
        "MAE_std": 0.11011309682608755,
        "RMSE_mean": 345.6037078606349,
        "RMSE_std": 0.3069857043493644
      },
      "72": {
        "MAE_mean": 181.9679698955475,
        "MAE_std": 0.07207426863936035,
        "RMSE_mean": 353.1982655969655,
        "RMSE_std": 0.24659795490004288
      }
    },
    "masked": {
      "12": {
        "MAE_mean": 276.22181572877037,
        "MAE_std": 0.34458661218975417,
        "RMSE_mean": 466.80480101754654,
        "RMSE_std": 1.243546491655393
      },
      "24": {
        "MAE_mean": 275.76382019339627,
        "MAE_std": 0.2044032219857186,
        "RMSE_mean": 466.6846159968547,
        "RMSE_std": 0.871522253642456
      },
      "48": {
        "MAE_mean": 274.78027561143045,
        "MAE_std": 0.39262992564067906,
        "RMSE_mean": 465.24998313587855,
        "RMSE_std": 0.9324037599424527
      },
      "72": {
        "MAE_mean": 275.5418188609311,
        "MAE_std": 0.16411349467122135,
        "RMSE_mean": 466.5978134766654,
        "RMSE_std": 0.453622967822069
      }
    }
  }
}