{
  "0.1": {
    "overall": {
      "12": {
        "MAE_mean": 144.9836868378771,
        "MAE_std": 0.048304966928796496,
        "RMSE_mean": 330.6429370501841,
        "RMSE_std": 0.19621928302053804
      },
      "24": {
        "MAE_mean": 149.20622635720966,
        "MAE_std": 0.16681533506809673,
        "RMSE_mean": 357.9406369542736,
        "RMSE_std": 0.8759409720201707
      },
      "48": {
        "MAE_mean": 156.50719608439985,
        "MAE_std": 0.1504631294548019,
        "RMSE_mean": 369.98338298607257,
        "RMSE_std": 0.8313085864154182
      },
      "72": {
        "MAE_mean": 158.12316423476278,
        "MAE_std": 0.10735885375062969,
        "RMSE_mean": 369.196127068568,
        "RMSE_std": 0.6450084239686481
      }
    },
    "masked": {
      "12": {
        "MAE_mean": 420.02115433945255,
        "MAE_std": 0.9217386899242784,
        "RMSE_mean": 697.6615211563634,
        "RMSE_std": 1.5477965910215041
      },
      "24": {
        "MAE_mean": 456.0080842217529,
        "MAE_std": 2.05749292168846,
        "RMSE_mean": 809.6655852199962,
        "RMSE_std": 4.073650468153564
      },
      "48": {
        "MAE_mean": 457.8255757276014,
        "MAE_std": 1.9262683145386876,
        "RMSE_mean": 815.1642983772552,
        "RMSE_std": 3.8378735124323398
      },
      "72": {
        "MAE_mean": 451.2997494529165,
        "MAE_std": 1.390988892994085,
        "RMSE_mean": 796.3410190717583,
        "RMSE_std": 3.0799028025676827
      }
    }
  },
  "0.2": {
    "overall": {
      "12": {
        "MAE_mean": 175.32951549455248,
        "MAE_std": 0.17500964302214475,
        "RMSE_mean": 388.02364032838165,
        "RMSE_std": 0.6289757033880079
      },
      "24": {
        "MAE_mean": 183.09688204624263,
        "MAE_std": 0.16565213090997122,
        "RMSE_mean": 431.4771866427435,
        "RMSE_std": 0.5205420007859702
      },
      "48": {
        "MAE_mean": 189.79030461677976,
        "MAE_std": 0.18533011139169855,
        "RMSE_mean": 441.45706217350136,
        "RMSE_std": 0.712044284266574
      },
      "72": {
        "MAE_mean": 190.51788267416694,
        "MAE_std": 0.13349375983705938,
        "RMSE_mean": 437.20371884576855,
        "RMSE_std": 0.5378808443455472
      }
    },
    "masked": {
      "12": {
        "MAE_mean": 419.03091573275753,
        "MAE_std": 1.0730917797174235,
        "RMSE_mean": 695.7566992157269,
        "RMSE_std": 2.012448585586985
      },
      "24": {
        "MAE_mean": 454.88538551728533,
        "MAE_std": 1.285302834113116,
        "RMSE_mean": 807.6763081091639,
        "RMSE_std": 1.9300417422397618
      },
      "48": {
        "MAE_mean": 456.69752206645865,
        "MAE_std": 1.3735675239497454,
        "RMSE_mean": 812.9891300587695,
        "RMSE_std": 2.5045761288522224
      },
      "72": {
        "MAE_mean": 450.3053404078126,
        "MAE_std": 1.2066525756757227,
        "RMSE_mean": 794.8878168969707,
        "RMSE_std": 2.1089914136335204
      }
    }
  },
  "0.3": {
    "overall": {
      "12": {
        "MAE_mean": 205.91346729316007,
        "MAE_std": 0.16756367332686417,
        "RMSE_mean": 438.8601858939822,
        "RMSE_std": 0.5641115910762493
      },
      "24": {
        "MAE_mean": 217.17091313620736,
        "MAE_std": 0.24143734817204102,
        "RMSE_mean": 494.7377351417623,
        "RMSE_std": 0.7123316124668323
      },
      "48": {
        "MAE_mean": 223.27530669187507,
        "MAE_std": 0.291336038437048,
        "RMSE_mean": 503.4193953762523,
        "RMSE_std": 0.8081695836498177
      },
      "72": {
        "MAE_mean": 223.11648084679564,
        "MAE_std": 0.2694382620273872,
        "RMSE_mean": 496.44142093898745,
        "RMSE_std": 0.804234526396487
      }
    },
    "masked": {
      "12": {
        "MAE_mean": 419.4186748356995,
        "MAE_std": 0.5430040429616003,
        "RMSE_mean": 696.3111690323001,
        "RMSE_std": 1.2969290345676083
      },
      "24": {
        "MAE_mean": 455.2324410893974,
        "MAE_std": 0.6263953209086465,
        "RMSE_mean": 808.3904865451792,
        "RMSE_std": 1.515425767335455
      },
      "48": {
        "MAE_mean": 457.2804066738593,
        "MAE_std": 0.8750526370786406,
        "RMSE_mean": 813.8272628287081,
        "RMSE_std": 1.7465804218754666
      },
      "72": {
        "MAE_mean": 450.9620401020393,
        "MAE_std": 0.7205482033826495,
        "RMSE_mean": 795.5890033163112,
        "RMSE_std": 1.4662007562601824
      }
    }
  }
}