{
  "12": {
    "MAE": 119.00222994811237,
    "RMSE": 241.51808456038648
  },
  "24": {
    "MAE": 125.07126246294469,
    "RMSE": 253.48365841722327
  },
  "48": {
    "MAE": 135.29146441410595,
    "RMSE": 278.7575094370528
  },
  "72": {
    "MAE": 141.88103041186977,
    "RMSE": 291.5156300129534
  }
}