{
  "0.1": {
    "0": {
      "overall": {
        "12": {
          "MAE": 145.0363546414538,
          "RMSE": 330.95142402614084
        },
        "24": {
          "MAE": 149.52285387422995,
          "RMSE": 359.6559366350202
        },
        "48": {
          "MAE": 156.78679758641726,
          "RMSE": 371.54314039312675
        },
        "72": {
          "MAE": 158.32948803183868,
          "RMSE": 370.4593830574353
        }
      },
      "masked": {
        "12": {
          "MAE": 420.81441560759646,
          "RMSE": 699.5251016549248
        },
        "24": {
          "MAE": 460.04343300256795,
          "RMSE": 817.7135281430188
        },
        "48": {
          "MAE": 461.4053570646835,
          "RMSE": 822.5629915481578
        },
        "72": {
          "MAE": 453.8058442843655,
          "RMSE": 802.4403195161553
        }
      }
    },
    "1": {
      "overall": {
        "12": {
          "MAE": 144.934779642453,
          "RMSE": 330.3704872001512
        },
        "24": {
          "MAE": 149.15755039991043,
          "RMSE": 357.8160740180904
        },
        "48": {
          "MAE": 156.42951136907712,
          "RMSE": 369.82511373727976
        },
        "72": {
          "MAE": 158.0729532249922,
          "RMSE": 369.0471707324821
        }
      },
      "masked": {
        "12": {
          "MAE": 418.25709227909033,
          "RMSE": 694.8346610308279
        },
        "24": {
          "MAE": 454.8345766146708,
          "RMSE": 808.591782278885
        },
        "48": {
          "MAE": 455.9306155124689,
          "RMSE": 812.9783991561908
        },
        "72": {
          "MAE": 449.54169056710424,
          "RMSE": 795.0707821779441
        }
      }
    },
    "2": {
      "overall": {
        "12": {
          "MAE": 144.95922480099162,
          "RMSE": 330.63151647390924
        },
        "24": {
          "MAE": 149.03563475033033,
          "RMSE": 357.38104742715205
        },
        "48": {
          "MAE": 156.35497245508677,
          "RMSE": 369.2575340701203
        },
        "72": {
          "MAE": 158.02030033734692,
          "RMSE": 368.75140355885753
        }
      },
      "masked": {
        "12": {
          "MAE": 420.39026321318545,
          "RMSE": 697.637226498517
        },
        "24": {
          "MAE": 454.9616173889045,
          "RMSE": 808.0740460459111
        },
        "48": {
          "MAE": 457.18366706199686,
          "RMSE": 813.2300055635994
        },
        "72": {
          "MAE": 450.92997372949264,
          "RMSE": 795.4627404441343
        }
      }
    },
    "3": {
      "overall": {
        "12": {
          "MAE": 145.04736846273514,
          "RMSE": 330.7371263884946
        },
        "24": {
          "MAE": 149.1209849928937,
          "RMSE": 357.55510426525694
        },
        "48": {
          "MAE": 156.53018836770937,
          "RMSE": 369.993684510213
        },
        "72": {
          "MAE": 158.0801041711434,
          "RMSE": 369.0031673187978
        }
      },
      "masked": {
        "12": {
          "MAE": 420.62987586375056,
          "RMSE": 698.0411608557271
        },
        "24": {
          "MAE": 454.4830070221303,
          "RMSE": 807.0998036672906
        },
        "48": {
          "MAE": 458.07579285290956,
          "RMSE": 815.1080474785268
        },
        "72": {
          "MAE": 450.8930260647105,
          "RMSE": 794.5040364860312
        }
      }
    },
    "4": {
      "overall": {
        "12": {
          "MAE": 144.9407066417518,
          "RMSE": 330.5241311622249
        },
        "24": {
          "MAE": 149.19410776868378,
          "RMSE": 357.29502242584846
        },
        "48": {
          "MAE": 156.43451064370873,
          "RMSE": 369.29744221962295
        },
        "72": {
          "MAE": 158.11297540849262,
          "RMSE": 368.71951067526743
        }
      },
      "masked": {
        "12": {
          "MAE": 420.0141247336397,
          "RMSE": 698.2694557418206
        },
        "24": {
          "MAE": 455.71778708049055,
          "RMSE": 806.8487659648756
        },
        "48": {
          "MAE": 456.5324461459483,
          "RMSE": 811.9420481398016
        },
        "72": {
          "MAE": 451.3282126189098,
          "RMSE": 794.2272167345265
        }
      }
    }
  },
  "0.2": {
    "0": {
      "overall": {
        "12": {
          "MAE": 175.11216574305763,
          "RMSE": 387.29861923159854
        },
        "24": {
          "MAE": 183.06760864737612,
          "RMSE": 431.2651439418677
        },
        "48": {
          "MAE": 189.75242313786666,
          "RMSE": 441.0377084951692
        },
        "72": {
          "MAE": 190.42388014333486,
          "RMSE": 436.7729265765842
        }
      },
      "masked": {
        "12": {
          "MAE": 417.98465313395803,
          "RMSE": 693.8951004753991
        },
        "24": {
          "MAE": 454.7218451222317,
          "RMSE": 806.9105300047147
        },
        "48": {
          "MAE": 456.54164044894594,
          "RMSE": 811.8530693468581
        },
        "72": {
          "MAE": 449.80287854628324,
          "RMSE": 792.9455358712763
        }
      }
    },
    "1": {
      "overall": {
        "12": {
          "MAE": 175.60591533209026,
          "RMSE": 388.9933184024944
        },
        "24": {
          "MAE": 183.04630363552022,
          "RMSE": 431.22533232027496
        },
        "48": {
          "MAE": 189.84715731478582,
          "RMSE": 441.4896466933102
        },
        "72": {
          "MAE": 190.5354357799664,
          "RMSE": 437.1613446564458
        }
      },
      "masked": {
        "12": {
          "MAE": 420.11278665070523,
          "RMSE": 698.2078103110747
        },
        "24": {
          "MAE": 454.52611329124085,
          "RMSE": 806.3654805895654
        },
        "48": {
          "MAE": 456.17208281216085,
          "RMSE": 811.8848454238654
        },
        "72": {
          "MAE": 449.8442843746791,
          "RMSE": 794.0537406271268
        }
      }
    },
    "2": {
      "overall": {
        "12": {
          "MAE": 175.44495464736465,
          "RMSE": 388.51159539342603
        },
        "24": {
          "MAE": 183.40272423169642,
          "RMSE": 432.5114752412925
        },
        "48": {
          "MAE": 190.11512177731845,
          "RMSE": 442.8187866408051
        },
        "72": {
          "MAE": 190.76914222198195,
          "RMSE": 438.22985653939287
        }
      },
      "masked": {
        "12": {
          "MAE": 420.53665445670373,
          "RMSE": 698.2157484049085
        },
        "24": {
          "MAE": 457.33574880440466,
          "RMSE": 811.4788022696836
        },
        "48": {
          "MAE": 459.35703533635876,
          "RMSE": 817.9924144948988
        },
        "72": {
          "MAE": 452.7086717517535,
          "RMSE": 798.9676016055444
        }
      }
    },
    "3": {
      "overall": {
        "12": {
          "MAE": 175.26411859637673,
          "RMSE": 387.6041334084795
        },
        "24": {
          "MAE": 182.89811749470132,
          "RMSE": 431.10832190465777
        },
        "48": {
          "MAE": 189.58328492012228,
          "RMSE": 440.85009894799856
        },
        "72": {
          "MAE": 190.45829561386606,
          "RMSE": 437.09056464397173
        }
      },
      "masked": {
        "12": {
          "MAE": 418.12350291305745,
          "RMSE": 694.0293612876055
        },
        "24": {
          "MAE": 453.57362393470936,
          "RMSE": 807.2448225768458
        },
        "48": {
          "MAE": 455.4810277463716,
          "RMSE": 811.559400408397
        },
        "72": {
          "MAE": 449.6206378790449,
          "RMSE": 794.6082458568956
        }
      }
    },
    "4": {
      "overall": {
        "12": {
          "MAE": 175.2204231538731,
          "RMSE": 387.7105352059095
        },