{
  "best_val_avg_MAE": 113.41290669170222,
  "best_epoch": 38,
  "test_metrics": {
    "1": {
      "MAE": 89.18798650915197,
      "RMSE": 172.46874408177126
    },
    "6": {
      "MAE": 112.879018483123,
      "RMSE": 227.4455284563825
    },
    "12": {
      "MAE": 114.98326495630802,
      "RMSE": 234.07901190127455
    },
    "24": {
      "MAE": 121.60786901791474,
      "RMSE": 246.21183977861202
    }
  }
}