{
  "train_seconds": 6770.958470582962,
  "best_val_avg_MAE": 136.6185250259373
}