{
  "best_val_avg_MAE": 114.75684029296967,
  "best_epoch": 32,
  "test_metrics": {
    "1": {
      "MAE": 97.45970709198852,
      "RMSE": 189.03204289937818
    },
    "6": {
      "MAE": 112.03701273038925,
      "RMSE": 220.41889824362462
    },
    "12": {
      "MAE": 115.05745189854304,
      "RMSE": 228.91598614727792
    },
    "24": {
      "MAE": 121.22344908777318,
      "RMSE": 241.94680422348867
    }
  }
}