epoch,train_loss,val_avg_MAE,val_MAE_1h,val_RMSE_1h,val_MAE_6h,val_RMSE_6h,val_MAE_12h,val_RMSE_12h,val_MAE_24h,val_RMSE_24h
1,0.16842410606997354,,,,,,,,,
2,0.12079414478818276,179.01905487587524,174.05573921623264,326.1985535442959,181.27118510633443,337.73689482617334,179.3725245528185,337.32418153182044,181.37677062811545,337.71850878622524
