{
  "best_val_avg_MAE": 120.32748141212214,
  "best_epoch": 24,
  "test_metrics": {
    "1": {
      "MAE": 106.5977606167185,
      "RMSE": 204.14695303047736
    },
    "6": {
      "MAE": 121.00662022798436,
      "RMSE": 231.90061894312572
    },
    "12": {
      "MAE": 124.4014157909609,
      "RMSE": 240.8236045134724
    },
    "24": {
      "MAE": 128.21129488587073,
      "RMSE": 252.7555819349792
    }
  }
}