{
  "best_val_avg_MAE": 121.41228573571684,
  "best_epoch": 40,
  "test_metrics": {
    "1": {
      "MAE": 104.15609248149765,
      "RMSE": 201.0351602683748
    },
    "6": {
      "MAE": 116.60889731526397,
      "RMSE": 229.53659076702152
    },
    "12": {
      "MAE": 119.89327364576931,
      "RMSE": 239.36738827208836
    },
    "24": {
      "MAE": 124.63286935589642,
      "RMSE": 247.8585292220827
    }
  }
}