{
  "best_val_avg_MAE": 112.53191769334173,
  "best_epoch": 34,
  "test_metrics": {
    "1": {
      "MAE": 87.0296484071828,
      "RMSE": 166.1643982365063
    },
    "6": {
      "MAE": 111.81554625026943,
      "RMSE": 223.2590863637807
    },
    "12": {
      "MAE": 115.43657281153533,
      "RMSE": 234.80614894834173
    },
    "24": {
      "MAE": 119.70658601567017,
      "RMSE": 245.0409533750798
    }
  }
}