Model,1h,6h,12h,24h
LSTM,213.03682136415333,215.99200664119203,216.0479971265564,215.6508058891519
CNN-GRU-LSTM,101.28904925321268,122.55888395855108,123.4930285562486,122.41434487076236
GraphWaveNet-LSTM,105.31455253805896,117.68975093387938,119.71984656369922,124.07708342513013
GraphWaveNet-GRU-LSTM,108.77886519579644,122.03738018988471,121.37101224528428,126.37489296748844
STGCN-GRU,20059.14470193785,10119.119376630411,5439.272579359348,14659.247098201356
