model_name,run_dir,test_MAE_12h,test_RMSE_12h,test_MAE_24h,test_RMSE_24h,test_MAE_48h,test_RMSE_48h,test_MAE_72h,test_RMSE_72h
GraphWaveNet_GRU,artifacts/runs/20260208_182608_GraphWaveNet_GRU,122.68877735238463,245.461842850083,127.5205355419846,256.62681552845083,138.53166483226073,283.2919055416,143.74666759151935,292.75849323799446
GraphWaveNet_LSTM,artifacts/runs/20260208_200244_GraphWaveNet_LSTM,123.36764100803488,246.55450592598632,125.95369450985817,252.8686039227537,135.83058201768128,277.5499104359308,142.28609369606937,289.3651845637132
GraphWaveNet_GRU_LSTM,artifacts/runs/20260208_214919_GraphWaveNet_GRU_LSTM,119.04941202113693,241.4269326475075,125.12351794076537,253.40208791002692,135.32532763295643,278.6291570215237,141.89079595877874,291.3092439157806
