model_name,run_dir,test_MAE_12h,test_RMSE_12h,test_MAE_24h,test_RMSE_24h,test_MAE_48h,test_RMSE_48h,test_MAE_72h,test_RMSE_72h,split,test_avg_MAE
GraphWaveNet_GRU,artifacts/runs/20260208_182608_GraphWaveNet_GRU,122.68877735238463,245.461842850083,127.5205355419846,256.62681552845083,138.53166483226073,283.2919055416,143.74666759151935,292.75849323799446,,
GraphWaveNet_LSTM,artifacts/runs/20260208_200244_GraphWaveNet_LSTM,123.36764100803488,246.55450592598632,125.95369450985817,252.8686039227537,135.83058201768128,277.5499104359308,142.28609369606937,289.3651845637132,,
GraphWaveNet_GRU_LSTM,artifacts/runs/20260208_214919_GraphWaveNet_GRU_LSTM,119.04941202113692,241.4269326475075,125.12351794076535,253.4020879100269,135.32532763295643,278.6291570215237,141.89079595877874,291.3092439157806,,
STGCN,artifacts/runs/20260209_015638_STGCN,8775.111610213678,295355.09693280514,8771.100332875574,295357.87952528644,8771.417389005437,295357.9726909363,8770.536252185784,295358.39098727924,,
STGCN,artifacts/runs/20260209_025423_STGCN,4932.437692008293,122701.83385239656,4919.577328395074,122693.71428377756,4923.404709624302,122693.76685022523,4926.035631843451,122693.38979111348,,
STGCN,,119.12565071177194,243.99553330437325,121.7874521101227,247.6055175139456,139.6104730553971,289.3041748541103,148.54167620333357,300.3447316470608,test,132.26631302015633
STGCN,,124.86571388734534,243.2109983728736,121.1995758299654,246.3599429819532,136.8940076353513,284.96444701362105,148.5658728181942,302.541043250826,test,132.88129254271405
STGCN,,124.86571388734534,243.2109983728736,121.19957582996541,246.3599429819532,136.8940076353513,284.96444701362105,148.5658728181942,302.541043250826,test,132.88129254271405
