Model,1h,6h,12h,24h
LSTM,396.5837120499112,401.2942160249932,401.25907553471416,401.1112052387997
CNN-GRU-LSTM,197.8812944752633,245.2140713570003,246.24699702297693,246.461667588779
GraphWaveNet-LSTM,211.231103494608,234.84198273732176,240.42088848342607,250.39396235517407
GraphWaveNet-GRU-LSTM,216.1674238228792,242.18973860795705,244.13976160043305,254.41054500247225
STGCN-GRU,485125.4115794173,285796.7735977579,133012.6334848203,423958.3761930923
